State,District,Type
Andhra Pradesh ,Alluri Sitharama Raju,Aspirational 
Andhra Pradesh ,Anakapalli,Non Aspirational
Andhra Pradesh ,Ananthapuramu,Non Aspirational
Andhra Pradesh ,Annamayya,Non Aspirational
Andhra Pradesh ,Bapatla,Non Aspirational
Andhra Pradesh ,Chittoor,Non Aspirational
Andhra Pradesh ,Dr. B.R. Ambedkar Konaseema,Non Aspirational
Andhra Pradesh ,East Godavari,Non Aspirational
Andhra Pradesh ,Eluru,Non Aspirational
Andhra Pradesh ,Guntur,Non Aspirational
Andhra Pradesh ,Kakinada,Non Aspirational
Andhra Pradesh ,Krishna,Non Aspirational
Andhra Pradesh ,Kurnool,Non Aspirational
Andhra Pradesh ,Nandyal,Non Aspirational
Andhra Pradesh ,NTR,Non Aspirational
Andhra Pradesh ,Palnadu,Non Aspirational
Andhra Pradesh ,Parvathipuram Manyam,Aspirational 
Andhra Pradesh ,Prakasam,Non Aspirational
Andhra Pradesh ,Srikakulam,Non Aspirational
Andhra Pradesh ,Sri Potti Sriramulu Nellore,Non Aspirational
Andhra Pradesh ,Sri Sathya Sai,Non Aspirational
Andhra Pradesh ,Tirupati,Non Aspirational
Andhra Pradesh ,Visakhapatnam,Non Aspirational
Andhra Pradesh ,Vizianagaram,Non Aspirational
Andhra Pradesh ,West Godavari,Non Aspirational
Andhra Pradesh ,YSR Kadapa,Aspirational 
Arunachal Pradesh ,Anjaw,Non Aspirational
Arunachal Pradesh ,Changlang,Non Aspirational
Arunachal Pradesh ,Dibang Valley,Non Aspirational
Arunachal Pradesh ,East Kameng,Non Aspirational
Arunachal Pradesh ,East Siang,Non Aspirational
Arunachal Pradesh ,Kamle,Non Aspirational
Arunachal Pradesh ,Kra Daadi,Non Aspirational
Arunachal Pradesh ,Kurung Kumey,Non Aspirational
Arunachal Pradesh ,Lepa Rada,Non Aspirational
Arunachal Pradesh ,Lohit,Non Aspirational
Arunachal Pradesh ,Longding,Non Aspirational
Arunachal Pradesh ,Lower Dibang Valley,Non Aspirational
Arunachal Pradesh ,Lower Siang,Non Aspirational
Arunachal Pradesh ,Lower Subansiri,Non Aspirational
Arunachal Pradesh ,Namsai,Aspirational 
Arunachal Pradesh ,Pakke-Kessang,Non Aspirational
Arunachal Pradesh ,Papum Pare,Non Aspirational
Arunachal Pradesh ,Shi Yomi,Non Aspirational
Arunachal Pradesh ,Siang,Non Aspirational
Arunachal Pradesh ,Tawang,Non Aspirational
Arunachal Pradesh ,Tirap,Non Aspirational
Arunachal Pradesh ,Upper Dibang Valley,Non Aspirational
Arunachal Pradesh ,Upper Siang,Non Aspirational
Arunachal Pradesh ,Upper Subansiri,Non Aspirational
Arunachal Pradesh ,West Kameng,Non Aspirational
Arunachal Pradesh ,West Siang,Non Aspirational
Arunachal Pradesh ,Keyi Panyor,Non Aspirational
Assam ,Baksa,Aspirational 
Assam ,Bajali,Non Aspirational
Assam ,Barpeta,Aspirational 
Assam ,Biswanath,Non Aspirational
Assam ,Bongaigaon,Non Aspirational
Assam ,Cachar,Non Aspirational
Assam ,Charaideo,Non Aspirational
Assam ,Chirang,Non Aspirational
Assam ,Darrang,Aspirational 
Assam ,Dhemaji,Non Aspirational
Assam ,Dhubri,Aspirational 
Assam ,Dibrugarh,Non Aspirational
Assam ,Dima Hasao,Non Aspirational
Assam ,Goalpara,Aspirational 
Assam ,Golaghat,Non Aspirational
Assam ,Hailakandi,Aspirational 
Assam ,Hojai,Non Aspirational
Assam ,Jorhat,Non Aspirational
Assam ,Kamrup,Non Aspirational
Assam ,Kamrup Metropolitan,Non Aspirational
Assam ,Karbi Anglong,Non Aspirational
Assam ,Karimganj,Non Aspirational
Assam ,Kokrajhar,Non Aspirational
Assam ,Lakhimpur,Non Aspirational
Assam ,Majuli,Non Aspirational
Assam ,Morigaon,Non Aspirational
Assam ,Nagaon,Non Aspirational
Assam ,Nalbari,Non Aspirational
Assam ,Sivasagar,Non Aspirational
Assam ,s,Non Aspirational
Assam ,South Salmara-Mankachar,Non Aspirational
Assam ,Tamulpur,Non Aspirational
Assam ,Tinsukia,Non Aspirational
Assam ,Udalguri,Aspirational 
Assam ,West Karbi Anglong ,Non Aspirational
Bihar ,Araria,Aspirational 
Bihar ,Arwal,Non Aspirational
Bihar ,Aurangabad,Aspirational 
Bihar ,Banka,Aspirational 
Bihar ,Begusarai,Aspirational 
Bihar ,Bhagalpur,Non Aspirational
Bihar ,Bhojpur,Non Aspirational
Bihar ,Buxar,Non Aspirational
Bihar ,Darbhanga,Non Aspirational
Bihar ,East Champaran,Non Aspirational
Bihar ,Gaya,Aspirational 
Bihar ,Gopalganj,Non Aspirational
Bihar ,Jamui,Aspirational 
Bihar ,Jehanabad,Non Aspirational
Bihar ,Kaimur,Non Aspirational
Bihar ,Katihar,Aspirational 
Bihar ,Khagaria,Aspirational 
Bihar ,Kishanganj,Non Aspirational
Bihar ,Lakhisarai,Non Aspirational
Bihar ,Madhepura,Non Aspirational
Bihar ,Madhubani,Non Aspirational
Bihar ,Munger,Non Aspirational
Bihar ,Muzaffarpur,Aspirational 
Bihar ,Nalanda,Non Aspirational
Bihar ,Nawada,Aspirational 
Bihar ,Patna,Non Aspirational
Bihar ,Purnia,Aspirational 
Bihar ,Rohtas,Non Aspirational
Bihar ,Saharsa,Non Aspirational
Bihar ,Samastipur,Non Aspirational
Bihar ,Saran,Non Aspirational
Bihar ,Sheikhpura,Aspirational 
Bihar ,Sheohar,Non Aspirational
Bihar ,Sitamarhi,Aspirational 
Bihar ,Siwan,Non Aspirational
Bihar ,Supaul,Non Aspirational
Bihar ,Vaishali,Non Aspirational
Bihar ,West Champaran ,Non Aspirational
Chhattisgarh ,Balod,Non Aspirational
Chhattisgarh ,Baloda Bazar,Non Aspirational
Chhattisgarh ,Balrampur,Non Aspirational
Chhattisgarh ,Bastar,Aspirational 
Chhattisgarh ,Bemetara,Non Aspirational
Chhattisgarh ,Bijapur,Aspirational 
Chhattisgarh ,Bilaspur,Non Aspirational
Chhattisgarh ,Dantewada,Aspirational 
Chhattisgarh ,Dhamtari,Non Aspirational
Chhattisgarh ,Durg,Non Aspirational
Chhattisgarh ,Gariaband,Non Aspirational
Chhattisgarh ,Gaurela-Pendra-Marwahi,Non Aspirational
Chhattisgarh ,Janjgir-Champa,Non Aspirational
Chhattisgarh ,Jashpur,Non Aspirational
Chhattisgarh ,Kabirdham,Non Aspirational
Chhattisgarh ,Kanker,Aspirational 
Chhattisgarh ,Kondagaon,Aspirational 
Chhattisgarh ,Korba,Aspirational 
Chhattisgarh ,Koriya,Non Aspirational
Chhattisgarh ,Mahasamund,Aspirational 
Chhattisgarh ,Mungeli,Non Aspirational
Chhattisgarh ,Narayanpur,Aspirational 
Chhattisgarh ,Raigarh,Non Aspirational
Chhattisgarh ,Raipur,Non Aspirational
Chhattisgarh ,Rajnandgaon,Aspirational 
Chhattisgarh ,Sukma,Aspirational 
Chhattisgarh ,Surajpur,Non Aspirational
Chhattisgarh ,Surguja,Non Aspirational
Chhattisgarh ,Manendragarh-Chirmiri-Bharatpur,Non Aspirational
Chhattisgarh ,Mohla-Manpur-Ambagarh Chowki,Non Aspirational
Chhattisgarh ,Sarangarh-Bilaigarh,Non Aspirational
Chhattisgarh ,Khairagarh-Chhuikhadan-Gandai,Non Aspirational
Chhattisgarh ,Sakti,Non Aspirational
Goa ,North Goa,Non Aspirational
Goa ,South Goa ,Non Aspirational
Gujarat ,Ahmedabad,Non Aspirational
Gujarat ,Amreli,Non Aspirational
Gujarat ,Anand,Non Aspirational
Gujarat ,Aravalli,Non Aspirational
Gujarat ,Banaskantha,Non Aspirational
Gujarat ,Bharuch,Non Aspirational
Gujarat ,Bhavnagar,Non Aspirational
Gujarat ,Botad,Non Aspirational
Gujarat ,Chhota Udaipur,Non Aspirational
Gujarat ,Dahod,Aspirational 
Gujarat ,Dang,Non Aspirational
Gujarat ,Devbhoomi Dwarka,Non Aspirational
Gujarat ,Gandhinagar,Non Aspirational
Gujarat ,Gir Somnath,Non Aspirational
Gujarat ,Jamnagar,Non Aspirational
Gujarat ,Junagadh,Non Aspirational
Gujarat ,Kheda,Non Aspirational
Gujarat ,Kutch,Non Aspirational
Gujarat ,Mahisagar,Non Aspirational
Gujarat ,Mehsana,Non Aspirational
Gujarat ,Morbi,Non Aspirational
Gujarat ,Narmada,Aspirational 
Gujarat ,Navsari,Non Aspirational
Gujarat ,Panchmahal,Non Aspirational
Gujarat ,Patan,Non Aspirational
Gujarat ,Porbandar,Non Aspirational
Gujarat ,Rajkot,Non Aspirational
Gujarat ,Sabarkantha,Non Aspirational
Gujarat ,Surat,Non Aspirational
Gujarat ,Surendranagar,Non Aspirational
Gujarat ,Tapi,Non Aspirational
Gujarat ,Vadodara,Non Aspirational
Gujarat ,Valsad,Non Aspirational
Gujarat ,Bhavnagar,Non Aspirational
Haryana ,Ambala,Non Aspirational
Haryana ,Bhiwani,Non Aspirational
Haryana ,Charkhi Dadri,Non Aspirational
Haryana ,Faridabad,Non Aspirational
Haryana ,Fatehabad,Non Aspirational
Haryana ,Gurugram,Non Aspirational
Haryana ,Hisar,Non Aspirational
Haryana ,Jhajjar,Non Aspirational
Haryana ,Jind,Non Aspirational
Haryana ,Kaithal,Non Aspirational
Haryana ,Karnal,Non Aspirational
Haryana ,Kurukshetra,Non Aspirational
Haryana ,Mahendragarh,Non Aspirational
Haryana ,Nuh/Mewat,Aspirational 
Haryana ,Palwal,Non Aspirational
Haryana ,Panchkula,Non Aspirational
Haryana ,Panipat,Non Aspirational
Haryana ,Rewari,Non Aspirational
Haryana ,Rohtak,Non Aspirational
Haryana ,Sirsa,Non Aspirational
Haryana ,Sonipat,Non Aspirational
Haryana ,Yamunanagar,Non Aspirational
Himachal Pradesh ,Bilaspur,Non Aspirational
Himachal Pradesh ,Chamba,Aspirational 
Himachal Pradesh ,Hamirpur,Non Aspirational
Himachal Pradesh ,Kangra,Non Aspirational
Himachal Pradesh ,Kinnaur,Non Aspirational
Himachal Pradesh ,Kullu,Non Aspirational
Himachal Pradesh ,Lahaul and Spiti,Non Aspirational
Himachal Pradesh ,Mandi,Non Aspirational
Himachal Pradesh ,Shimla,Non Aspirational
Himachal Pradesh ,Sirmaur,Non Aspirational
Himachal Pradesh ,Solan,Non Aspirational
Himachal Pradesh ,Una,Non Aspirational
Jharkhand ,Bokaro,Aspirational 
Jharkhand ,Chatra,Aspirational 
Jharkhand ,Deoghar,Non Aspirational
Jharkhand ,Dhanbad,Non Aspirational
Jharkhand ,Dumka,Aspirational 
Jharkhand ,East Singhbhum,Aspirational 
Jharkhand ,Garhwa,Aspirational 
Jharkhand ,Giridih,Aspirational 
Jharkhand ,Godda,Aspirational 
Jharkhand ,Gumla,Aspirational 
Jharkhand ,Hazaribagh,Aspirational 
Jharkhand ,Jamtara,Non Aspirational
Jharkhand ,Khunti,Aspirational 
Jharkhand ,Koderma,Non Aspirational
Jharkhand ,Latehar,Aspirational 
Jharkhand ,Lohardaga,Aspirational 
Jharkhand ,Pakur,Aspirational 
Jharkhand ,Palamu,Aspirational 
Jharkhand ,Ramgarh,Aspirational 
Jharkhand ,Ranchi,Aspirational 
Jharkhand ,Sahibganj,Aspirational 
Jharkhand ,Seraikela Kharsawan,Non Aspirational
Jharkhand ,Simdega,Aspirational 
Jharkhand ,West Singhbhum,Aspirational 
Karnataka ,Bagalkot,Non Aspirational
Karnataka ,Ballari,Non Aspirational
Karnataka ,Belagavi,Non Aspirational
Karnataka ,Bengaluru Rural,Non Aspirational
Karnataka ,Bengaluru Urban,Non Aspirational
Karnataka ,Bidar,Non Aspirational
Karnataka ,Chamarajanagar,Non Aspirational
Karnataka ,Chikkaballapur,Non Aspirational
Karnataka ,Chikkamagaluru,Non Aspirational
Karnataka ,Chitradurga,Non Aspirational
Karnataka ,Dakshina Kannada,Non Aspirational
Karnataka ,Davanagere,Non Aspirational
Karnataka ,Dharwad,Non Aspirational
Karnataka ,Gadag,Non Aspirational
Karnataka ,Hassan,Non Aspirational
Karnataka ,Haveri,Non Aspirational
Karnataka ,Kalaburagi,Non Aspirational
Karnataka ,Kodagu,Non Aspirational
Karnataka ,Kolar,Non Aspirational
Karnataka ,Koppal,Non Aspirational
Karnataka ,Mandya,Non Aspirational
Karnataka ,Mysuru,Non Aspirational
Karnataka ,Raichur,Aspirational 
Karnataka ,Ramanagara,Non Aspirational
Karnataka ,Shivamogga,Non Aspirational
Karnataka ,Tumakuru,Non Aspirational
Karnataka ,Udupi,Non Aspirational
Karnataka ,Uttara Kannada,Non Aspirational
Karnataka ,Vijayapura,Non Aspirational
Karnataka ,Yadgir,Aspirational 
Karnataka ,Vijayanagara,Non Aspirational
Kerala ,Alappuzha,Non Aspirational
Kerala ,Ernakulam,Non Aspirational
Kerala ,Idukki,Non Aspirational
Kerala ,Kannur,Non Aspirational
Kerala ,Kasaragod,Non Aspirational
Kerala ,Kollam,Non Aspirational
Kerala ,Kottayam,Non Aspirational
Kerala ,Kozhikode,Non Aspirational
Kerala ,Malappuram,Non Aspirational
Kerala ,Palakkad,Non Aspirational
Kerala ,Pathanamthitta,Non Aspirational
Kerala ,Thiruvananthapuram,Non Aspirational
Kerala ,Thrissur,Non Aspirational
Kerala ,Wayanad,Aspirational 
Madhya Pradesh ,Agar Malwa,Non Aspirational
Madhya Pradesh ,Alirajpur,Non Aspirational
Madhya Pradesh ,Anuppur,Non Aspirational
Madhya Pradesh ,Ashoknagar,Non Aspirational
Madhya Pradesh ,Balaghat,Non Aspirational
Madhya Pradesh ,Barwani,Aspirational 
Madhya Pradesh ,Betul,Non Aspirational
Madhya Pradesh ,Bhind,Non Aspirational
Madhya Pradesh ,Bhopal,Non Aspirational
Madhya Pradesh ,Burhanpur,Non Aspirational
Madhya Pradesh ,Chhatarpur,Aspirational 
Madhya Pradesh ,Chhindwara,Non Aspirational
Madhya Pradesh ,Damoh,Aspirational 
Madhya Pradesh ,Datia,Non Aspirational
Madhya Pradesh ,Dewas,Non Aspirational
Madhya Pradesh ,Dhar,Non Aspirational
Madhya Pradesh ,Dindori,Non Aspirational
Madhya Pradesh ,Guna,Aspirational 
Madhya Pradesh ,Gwalior,Non Aspirational
Madhya Pradesh ,Harda,Non Aspirational
Madhya Pradesh ,Shahdol,Non Aspirational
Madhya Pradesh ,Indore,Non Aspirational
Madhya Pradesh ,Jabalpur,Non Aspirational
Madhya Pradesh ,Jhabua,Non Aspirational
Madhya Pradesh ,Katni,Non Aspirational
Madhya Pradesh ,Khandwa,Aspirational 
Madhya Pradesh ,Khargone,Non Aspirational
Madhya Pradesh ,Mandla,Non Aspirational
Madhya Pradesh ,Mandsaur,Non Aspirational
Madhya Pradesh ,Morena,Non Aspirational
Madhya Pradesh ,Narsinghpur,Non Aspirational
Madhya Pradesh ,Neemuch,Non Aspirational
Madhya Pradesh ,Niwari,Non Aspirational
Madhya Pradesh ,Panna,Non Aspirational
Madhya Pradesh ,Raisen,Non Aspirational
Madhya Pradesh ,Rajgarh,Aspirational 
Madhya Pradesh ,Ratlam,Non Aspirational
Madhya Pradesh ,Rewa,Non Aspirational
Madhya Pradesh ,Sagar,Non Aspirational
Madhya Pradesh ,Satna,Non Aspirational
Madhya Pradesh ,Sehore,Non Aspirational
Madhya Pradesh ,Seoni,Non Aspirational
Madhya Pradesh ,Maihar,Non Aspirational
Madhya Pradesh ,Shajapur,Non Aspirational
Madhya Pradesh ,Sheopur,Non Aspirational
Madhya Pradesh ,Shivpuri,Non Aspirational
Madhya Pradesh ,Sidhi,Non Aspirational
Madhya Pradesh ,Singrauli,Aspirational 
Madhya Pradesh ,Tikamgarh,Non Aspirational
Madhya Pradesh ,Ujjain,Non Aspirational
Madhya Pradesh ,Umaria,Aspirational 
Madhya Pradesh ,Vidisha,Non Aspirational
Madhya Pradesh ,Mauganj,Non Aspirational
Madhya Pradesh ,Narmadapuram,Non Aspirational
Madhya Pradesh ,Pandhurna,Non Aspirational
Maharashtra ,Ahmednagar,Non Aspirational
Maharashtra ,Akola,Non Aspirational
Maharashtra ,Amravati,Non Aspirational
Maharashtra ,Aurangabad,Non Aspirational
Maharashtra ,Beed,Non Aspirational
Maharashtra ,Bhandara,Non Aspirational
Maharashtra ,Buldhana,Non Aspirational
Maharashtra ,Chandrapur,Non Aspirational
Maharashtra ,Dhule,Non Aspirational
Maharashtra ,Gadchiroli,Aspirational 
Maharashtra ,Gondia,Non Aspirational
Maharashtra ,Hingoli,Non Aspirational
Maharashtra ,Jalgaon,Non Aspirational
Maharashtra ,Jalna,Non Aspirational
Maharashtra ,Kolhapur,Non Aspirational
Maharashtra ,Latur,Non Aspirational
Maharashtra ,Mumbai City,Non Aspirational
Maharashtra ,Mumbai Suburban,Non Aspirational
Maharashtra ,Nagpur,Non Aspirational
Maharashtra ,Nanded,Non Aspirational
Maharashtra ,Nandurbar,Aspirational 
Maharashtra ,Nashik,Non Aspirational
Maharashtra ,Osmanabad,Aspirational 
Maharashtra ,Palghar,Non Aspirational
Maharashtra ,Parbhani,Non Aspirational
Maharashtra ,Pune,Non Aspirational
Maharashtra ,Raigad,Non Aspirational
Maharashtra ,Ratnagiri,Non Aspirational
Maharashtra ,Sangli,Non Aspirational
Maharashtra ,Satara,Non Aspirational
Maharashtra ,Sindhudurg,Non Aspirational
Maharashtra ,Solapur,Non Aspirational
Maharashtra ,Thane,Non Aspirational
Maharashtra ,Wardha,Non Aspirational
Maharashtra ,Washim,Aspirational 
Maharashtra ,Yavatmal,Non Aspirational
Manipur ,Bishnupur,Non Aspirational
Manipur ,Chandel,Aspirational 
Manipur ,Churachandpur,Non Aspirational
Manipur ,Imphal East,Non Aspirational
Manipur ,Imphal West,Non Aspirational
Manipur ,Jiribam,Non Aspirational
Manipur ,Kakching,Non Aspirational
Manipur ,Kamjong,Non Aspirational
Manipur ,Kangpokpi,Non Aspirational
Manipur ,Noney,Non Aspirational
Manipur ,Pherzawl,Non Aspirational
Manipur ,Senapati,Non Aspirational
Manipur ,Tamenglong,Non Aspirational
Manipur ,Tengnoupal,Non Aspirational
Manipur ,Thoubal,Non Aspirational
Manipur ,Ukhrul,Non Aspirational
Meghalaya ,East Garo Hills,Non Aspirational
Meghalaya ,East Jaintia Hills,Non Aspirational
Meghalaya ,East Khasi Hills,Non Aspirational
Meghalaya ,North Garo Hills,Non Aspirational
Meghalaya ,Ri-Bhoi,Aspirational 
Meghalaya ,South Garo Hills,Non Aspirational
Meghalaya ,South West Garo Hills,Non Aspirational
Meghalaya ,South West,Non Aspirational
 Mizoram ,Aizawl,Non Aspirational
 Mizoram ,Champhai,Non Aspirational
 Mizoram ,Hnahthial,Non Aspirational
 Mizoram ,Khawzawl,Non Aspirational
 Mizoram ,Kolasib,Non Aspirational
 Mizoram ,Lawngtlai,Non Aspirational
 Mizoram ,Lunglei,Non Aspirational
 Mizoram ,Mamit,Aspirational 
 Mizoram ,Saitual,Non Aspirational
 Mizoram ,Serchhip,Non Aspirational
 Mizoram ,Siaha Wikipedia,Non Aspirational
 Nagaland ,Chümoukedima,Non Aspirational
 Nagaland ,Dimapur,Non Aspirational
 Nagaland ,Kiphire,Aspirational 
 Nagaland ,Kohima,Non Aspirational
 Nagaland ,Longleng,Non Aspirational
 Nagaland ,Mokokchung,Non Aspirational
 Nagaland ,Mon,Non Aspirational
 Nagaland ,Niuland,Non Aspirational
 Nagaland ,Noklak,Non Aspirational
 Nagaland ,Peren,Non Aspirational
 Nagaland ,Phek,Non Aspirational
 Nagaland ,Shamator,Non Aspirational
 Nagaland ,Tseminyü,Non Aspirational
 Nagaland ,Tuensang,Non Aspirational
 Nagaland ,Wokha,Non Aspirational
 Nagaland ,Zünheboto,Non Aspirational
 Nagaland ,Meluri,Non Aspirational
 Odisha ,Angul,Non Aspirational
 Odisha ,Balangir,Aspirational 
 Odisha ,Balasore,Non Aspirational
 Odisha ,Bargarh,Non Aspirational
 Odisha ,Bhadrak,Non Aspirational
 Odisha ,Boudh,Non Aspirational
 Odisha ,Cuttack,Non Aspirational
 Odisha ,Deogarh,Non Aspirational
 Odisha ,Dhenkanal,Aspirational 
 Odisha ,Gajapati,Aspirational 
 Odisha ,Ganjam,Non Aspirational
 Odisha ,Jagatsinghpur,Non Aspirational
 Odisha ,Jajpur,Non Aspirational
 Odisha ,Jharsuguda,Non Aspirational
 Odisha ,Kalahandi,Aspirational 
 Odisha ,Kandhamal,Aspirational 
 Odisha ,Kendrapara,Non Aspirational
 Odisha ,Kendujhar,Non Aspirational
 Odisha ,Khordha,Non Aspirational
 Odisha ,Koraput,Aspirational 
 Odisha ,Malkangiri,Aspirational 
 Odisha ,Mayurbhanj,Non Aspirational
 Odisha ,Nabarangpur,Aspirational 
 Odisha ,Nayagarh,Non Aspirational
 Odisha ,Nuapada,Aspirational 
 Odisha ,Puri,Non Aspirational
 Odisha ,Rayagada,Aspirational 
 Odisha ,Sambalpur,Non Aspirational
 Odisha ,Subarnapur,Non Aspirational
 Odisha ,Sundargarh,Non Aspirational
 Punjab ,Amritsar,Non Aspirational
 Punjab ,Barnala,Non Aspirational
 Punjab ,Bathinda,Non Aspirational
 Punjab ,Faridkot,Non Aspirational
 Punjab ,Fatehgarh Sahib,Non Aspirational
 Punjab ,Fazilka,Non Aspirational
 Punjab ,Ferozepur,Aspirational 
 Punjab ,Gurdaspur,Non Aspirational
 Punjab ,Hoshiarpur,Non Aspirational
 Punjab ,Jalandhar,Non Aspirational
 Punjab ,Kapurthala,Non Aspirational
 Punjab ,Ludhiana,Non Aspirational
 Punjab ,Malerkotla,Non Aspirational
 Punjab ,Mansa,Non Aspirational
 Punjab ,Moga,Aspirational 
 Punjab ,Muktsar,Non Aspirational
 Punjab ,Pathankot,Non Aspirational
 Punjab ,Patiala,Non Aspirational
 Punjab ,Rupnagar,Non Aspirational
 Punjab ,Sangrur,Non Aspirational
 Punjab ,SAS Nagar (Mohali),Non Aspirational
 Punjab ,SBS Nagar (Nawanshahr),Non Aspirational
 Punjab ,Tarn Taran,Non Aspirational
 Rajasthan ,Ajmer,Non Aspirational
 Rajasthan ,Alwar,Non Aspirational
 Rajasthan ,Banswara,Non Aspirational
 Rajasthan ,Baran,Aspirational 
 Rajasthan ,Barmer,Non Aspirational
 Rajasthan ,Bharatpur,Non Aspirational
 Rajasthan ,Bhilwara,Non Aspirational
 Rajasthan ,Bikaner,Non Aspirational
 Rajasthan ,Bundi,Non Aspirational
 Rajasthan ,Chittorgarh,Non Aspirational
 Rajasthan ,Churu,Non Aspirational
 Rajasthan ,Dausa,Non Aspirational
 Rajasthan ,Dholpur,Aspirational 
 Rajasthan ,Dungarpur,Non Aspirational
 Rajasthan ,Hanumangarh,Non Aspirational
 Rajasthan ,Jaipur,Non Aspirational
 Rajasthan ,Jaisalmer,Aspirational 
 Rajasthan ,Jalore,Non Aspirational
 Rajasthan ,Jhalawar,Non Aspirational
 Rajasthan ,Jhunjhunu,Non Aspirational
 Rajasthan ,Jodhpur,Non Aspirational
 Rajasthan ,Karauli,Aspirational 
 Rajasthan ,Kota,Non Aspirational
 Rajasthan ,Nagaur,Non Aspirational
 Rajasthan ,Pali,Non Aspirational
 Rajasthan ,Pratapgarh,Non Aspirational
 Rajasthan ,Rajsamand,Non Aspirational
 Rajasthan ,Sawai Madhopur,Non Aspirational
 Rajasthan ,Sikar,Non Aspirational
 Rajasthan ,Sirohi,Aspirational 
 Rajasthan ,Sri Ganganagar,Non Aspirational
 Rajasthan ,Tonk,Non Aspirational
 Rajasthan ,Udaipur,Non Aspirational
 Rajasthan ,Anupgarh,Non Aspirational
 Rajasthan ,Balotra,Non Aspirational
 Rajasthan ,Beawar,Non Aspirational
 Rajasthan ,Deeg,Non Aspirational
 Rajasthan ,Didwana-Kuchaman,Non Aspirational
 Rajasthan ,Dudu,Non Aspirational
 Rajasthan ,Gangapur City,Non Aspirational
 Rajasthan ,Khairthal-Tijara,Non Aspirational
 Rajasthan ,Neem Ka Thana,Non Aspirational
 Rajasthan ,Phalodi,Non Aspirational
 Sikkim ,Gangtok,Non Aspirational
 Sikkim ,Gyalshing,Non Aspirational
 Sikkim ,Mangan,Non Aspirational
 Sikkim ,Namchi,Non Aspirational
 Sikkim ,Pakyong,Non Aspirational
 Sikkim ,Soreng,Aspirational 
 Tamil Nadu ,Ariyalur,Non Aspirational
 Tamil Nadu ,Chengalpattu,Non Aspirational
 Tamil Nadu ,Chennai,Non Aspirational
 Tamil Nadu ,Coimbatore,Non Aspirational
 Tamil Nadu ,Cuddalore,Non Aspirational
 Tamil Nadu ,Dharmapuri,Non Aspirational
 Tamil Nadu ,Dindigul,Non Aspirational
 Tamil Nadu ,Erode,Non Aspirational
 Tamil Nadu ,Kallakurichi,Non Aspirational
 Tamil Nadu ,Kanchipuram,Non Aspirational
 Tamil Nadu ,Kanniyakumari,Non Aspirational
 Tamil Nadu ,Karur,Non Aspirational
 Tamil Nadu ,Krishnagiri,Non Aspirational
 Tamil Nadu ,Madurai,Non Aspirational
 Tamil Nadu ,Mayiladuthurai,Non Aspirational
 Tamil Nadu ,Nagapattinam,Non Aspirational
 Tamil Nadu ,Namakkal,Non Aspirational
 Tamil Nadu ,Nilgiris,Non Aspirational
 Tamil Nadu ,Perambalur,Non Aspirational
 Tamil Nadu ,Pudukkottai,Non Aspirational
 Tamil Nadu ,Ramanathapuram,Aspirational 
 Tamil Nadu ,Ranipet,Non Aspirational
 Tamil Nadu ,Salem,Non Aspirational
 Tamil Nadu ,Sivaganga,Non Aspirational
 Tamil Nadu ,Tenkasi,Non Aspirational
 Tamil Nadu ,Thanjavur,Non Aspirational
 Tamil Nadu ,Theni,Non Aspirational
 Tamil Nadu ,Thoothukudi,Non Aspirational
 Tamil Nadu ,Tiruchirappalli,Non Aspirational
 Tamil Nadu ,Tirunelveli,Non Aspirational
 Tamil Nadu ,Tirupathur,Non Aspirational
 Tamil Nadu ,Tiruppur,Non Aspirational
 Tamil Nadu ,Tiruvallur,Non Aspirational
 Tamil Nadu ,Tiruvannamalai,Non Aspirational
 Tamil Nadu ,Tiruvarur,Non Aspirational
 Tamil Nadu ,Vellore,Non Aspirational
 Tamil Nadu ,Viluppuram,Non Aspirational
 Tamil Nadu ,Virudhunagar,Aspirational 
 Telangana ,Adilabad,Non Aspirational
 Telangana ,Bhadradri Kothagudem,Aspirational 
 Telangana ,Hanamkonda,Non Aspirational
 Telangana ,Hyderabad,Non Aspirational
 Telangana ,Jagtial,Non Aspirational
 Telangana ,Jangaon,Non Aspirational
 Telangana ,Jayashankar Bhupalpally,Aspirational 
 Telangana ,Jogulamba Gadwal,Non Aspirational
 Telangana ,Kamareddy,Non Aspirational
 Telangana ,Karimnagar,Non Aspirational
 Telangana ,Khammam,Non Aspirational
 Telangana ,Komaram Bheem Asifabad,Aspirational 
 Telangana ,Mahabubabad,Non Aspirational
 Telangana ,Mahabubnagar,Non Aspirational
 Telangana ,Mancherial,Non Aspirational
 Telangana ,Medak,Non Aspirational
 Telangana ,Medchal–Malkajgiri,Non Aspirational
 Telangana ,Mulugu,Non Aspirational
 Telangana ,Nagarkurnool,Non Aspirational
 Telangana ,Nalgonda,Non Aspirational
 Telangana ,Narayanpet,Non Aspirational
 Telangana ,Nirmal,Non Aspirational
 Telangana ,Nizamabad,Non Aspirational
 Telangana ,Peddapalli,Non Aspirational
 Telangana ,Rajanna Sircilla,Non Aspirational
 Telangana ,Rangareddy,Non Aspirational
 Telangana ,Sangareddy,Non Aspirational
 Telangana ,Siddipet,Non Aspirational
 Telangana ,Suryapet,Non Aspirational
 Telangana ,Vikarabad,Non Aspirational
 Telangana ,Wanaparthy,Non Aspirational
 Telangana ,Warangal,Non Aspirational
 Telangana ,Yadadri Bhuvanagiri,Non Aspirational
 Tripura ,Dhalai,Aspirational 
 Tripura ,Gomati,Non Aspirational
 Tripura ,Khowai,Non Aspirational
 Tripura ,North Tripura,Non Aspirational
 Tripura ,Sepahijala,Non Aspirational
 Tripura ,South Tripura,Non Aspirational
 Tripura ,Unakoti,Non Aspirational
 Tripura ,West Tripura Wikipedia,Non Aspirational
 Uttar Pradesh ,Agra,Non Aspirational
 Uttar Pradesh ,Aligarh,Non Aspirational
 Uttar Pradesh ,Ambedkar Nagar,Non Aspirational
 Uttar Pradesh ,Amethi,Non Aspirational
 Uttar Pradesh ,Amroha,Non Aspirational
 Uttar Pradesh ,Auraiya,Non Aspirational
 Uttar Pradesh ,Ayodhya,Non Aspirational
 Uttar Pradesh ,Azamgarh,Non Aspirational
 Uttar Pradesh ,Baghpat,Non Aspirational
 Uttar Pradesh ,Bahraich,Aspirational 
 Uttar Pradesh ,Ballia,Non Aspirational
 Uttar Pradesh ,Balrampur,Aspirational 
 Uttar Pradesh ,Banda,Non Aspirational
 Uttar Pradesh ,Barabanki,Non Aspirational
 Uttar Pradesh ,Bareilly,Non Aspirational
 Uttar Pradesh ,Basti,Non Aspirational
 Uttar Pradesh ,Bhadohi,Non Aspirational
 Uttar Pradesh ,Bijnor,Non Aspirational
 Uttar Pradesh ,Budaun,Non Aspirational
 Uttar Pradesh ,Bulandshahr,Non Aspirational
 Uttar Pradesh ,Chandauli,Aspirational 
 Uttar Pradesh ,Chitrakoot,Aspirational 
 Uttar Pradesh ,Deoria,Non Aspirational
 Uttar Pradesh ,Etah,Non Aspirational
 Uttar Pradesh ,Etawah,Non Aspirational
 Uttar Pradesh ,Farrukhabad,Non Aspirational
 Uttar Pradesh ,Fatehpur,Aspirational 
 Uttar Pradesh ,Firozabad,Non Aspirational
 Uttar Pradesh ,Gautam Buddha Nagar,Non Aspirational
 Uttar Pradesh ,Ghaziabad,Non Aspirational
 Uttar Pradesh ,Ghazipur,Non Aspirational
 Uttar Pradesh ,Gonda,Non Aspirational
 Uttar Pradesh ,Gorakhpur,Non Aspirational
 Uttar Pradesh ,Hamirpur,Non Aspirational
 Uttar Pradesh ,Hapur,Non Aspirational
 Uttar Pradesh ,Hardoi,Non Aspirational
 Uttar Pradesh ,Hathras,Non Aspirational
 Uttar Pradesh ,Jalaun,Non Aspirational
 Uttar Pradesh ,Jaunpur,Non Aspirational
 Uttar Pradesh ,Jhansi,Non Aspirational
 Uttar Pradesh ,Kannauj,Non Aspirational
 Uttar Pradesh ,Kanpur Dehat,Non Aspirational
 Uttar Pradesh ,Kanpur Nagar,Non Aspirational
 Uttar Pradesh ,Kasganj,Non Aspirational
 Uttar Pradesh ,Kaushambi,Non Aspirational
 Uttar Pradesh ,Kushinagar,Non Aspirational
 Uttar Pradesh ,Lakhimpur Kheri,Non Aspirational
 Uttar Pradesh ,Lalitpur,Non Aspirational
 Uttar Pradesh ,Lucknow,Non Aspirational
 Uttar Pradesh ,Maharajganj,Non Aspirational
 Uttar Pradesh ,Mahoba,Non Aspirational
 Uttar Pradesh ,Mainpuri,Non Aspirational
 Uttar Pradesh ,Mathura,Non Aspirational
 Uttar Pradesh ,Mau,Non Aspirational
 Uttar Pradesh ,Meerut,Non Aspirational
 Uttar Pradesh ,Mirzapur,Non Aspirational
 Uttar Pradesh ,Moradabad,Non Aspirational
 Uttar Pradesh ,Muzaffarnagar,Non Aspirational
 Uttar Pradesh ,Pilibhit,Non Aspirational
 Uttar Pradesh ,Pratapgarh,Non Aspirational
 Uttar Pradesh ,Prayagraj,Non Aspirational
 Uttar Pradesh ,Rae Bareli,Non Aspirational
 Uttar Pradesh ,Rampur,Non Aspirational
 Uttar Pradesh ,Saharanpur,Non Aspirational
 Uttar Pradesh ,Sambhal,Non Aspirational
 Uttar Pradesh ,Sant Kabir Nagar,Non Aspirational
 Uttar Pradesh ,Shahjahanpur,Non Aspirational
 Uttar Pradesh ,Shamli,Non Aspirational
 Uttar Pradesh ,Shravasti,Aspirational 
 Uttar Pradesh ,Siddharthnagar,Aspirational 
 Uttar Pradesh ,Sitapur,Non Aspirational
 Uttar Pradesh ,Sonbhadra,Aspirational 
 Uttar Pradesh ,Sultanpur,Non Aspirational
 Uttar Pradesh ,Unnao,Non Aspirational
 Uttar Pradesh ,Varanasi Wikipedia,Non Aspirational
 Uttarakhand ,Almora,Non Aspirational
 Uttarakhand ,Bageshwar,Non Aspirational
 Uttarakhand ,Chamoli,Non Aspirational
 Uttarakhand ,Champawat,Non Aspirational
 Uttarakhand ,Dehradun,Non Aspirational
 Uttarakhand ,Haridwar,Aspirational 
 Uttarakhand ,Nainital,Non Aspirational
 Uttarakhand ,Pauri Garhwal,Non Aspirational
 Uttarakhand ,Pithoragarh,Non Aspirational
 Uttarakhand ,Rudraprayag,Non Aspirational
 Uttarakhand ,Tehri Garhwal,Non Aspirational
 Uttarakhand ,Udham Singh Nagar,Aspirational 
 Uttarakhand ,Uttarkashi,Non Aspirational
 West Bengal ,Alipurduar,Non Aspirational
 West Bengal ,Bankura,Non Aspirational
 West Bengal ,Birbhum,Non Aspirational
 West Bengal ,Cooch Behar,Non Aspirational
 West Bengal ,Dakshin Dinajpur,Non Aspirational
 West Bengal ,Darjeeling,Non Aspirational
 West Bengal ,Hooghly,Non Aspirational
 West Bengal ,Howrah,Non Aspirational
 West Bengal ,Jalpaiguri,Non Aspirational
 West Bengal ,Jhargram,Non Aspirational
 West Bengal ,Kalimpong,Non Aspirational
 West Bengal ,Kolkata,Non Aspirational
 West Bengal ,Malda,Non Aspirational
 West Bengal ,Murshidabad,Non Aspirational
 West Bengal ,Nadia,Non Aspirational
 West Bengal ,North 24 Parganas,Non Aspirational
 West Bengal ,Paschim Bardhaman,Non Aspirational
 West Bengal ,Paschim Medinipur,Non Aspirational
 West Bengal ,Purba Bardhaman,Non Aspirational
 West Bengal ,Purba Medinipur,Non Aspirational
 West Bengal ,Purulia,Non Aspirational
 West Bengal ,South 24 Parganas,Non Aspirational
 West Bengal ,Uttar Dinajpur,Non Aspirational
 Andaman and Nicobar Islands ,Nicobar,Non Aspirational
 Andaman and Nicobar Islands ,North and Middle Andaman,Non Aspirational
 Andaman and Nicobar Islands ,South Andaman,Non Aspirational
 Chandigarh ,Chandigarh,Non Aspirational
 Dadra and Nagar Haveli and Daman and Diu ,Dadra and Nagar Haveli,Non Aspirational
 Dadra and Nagar Haveli and Daman and Diu ,Daman,Non Aspirational
 Dadra and Nagar Haveli and Daman and Diu ,Diu,Non Aspirational
 Delhi ,Central Delhi,Non Aspirational
 Delhi ,East Delhi,Non Aspirational
 Delhi ,New Delhi,Non Aspirational
 Delhi ,North Delhi,Non Aspirational
 Delhi ,North East Delhi,Non Aspirational
 Delhi ,North West Delhi,Non Aspirational
 Delhi ,Shahdara,Non Aspirational
 Delhi ,South Delhi,Non Aspirational
 Delhi ,South East Delhi,Non Aspirational
 Delhi ,South West Delhi,Non Aspirational
 Delhi ,West Delhi,Non Aspirational
 Jammu and Kashmir ,Anantnag,Non Aspirational
 Jammu and Kashmir ,Bandipora,Non Aspirational
 Jammu and Kashmir ,Baramulla,Aspirational 
 Jammu and Kashmir ,Budgam,Non Aspirational
 Jammu and Kashmir ,Doda,Non Aspirational
 Jammu and Kashmir ,Ganderbal,Non Aspirational
 Jammu and Kashmir ,Jammu,Non Aspirational
 Jammu and Kashmir ,Kathua,Non Aspirational
 Jammu and Kashmir ,Kishtwar,Non Aspirational
 Jammu and Kashmir ,Kulgam,Non Aspirational
 Jammu and Kashmir ,Kupwara,Aspirational 
 Jammu and Kashmir ,Poonch,Non Aspirational
 Jammu and Kashmir ,Pulwama,Non Aspirational
 Jammu and Kashmir ,Rajouri,Non Aspirational
 Jammu and Kashmir ,Ramban,Non Aspirational
 Jammu and Kashmir ,Reasi,Non Aspirational
 Jammu and Kashmir ,Samba,Non Aspirational
 Jammu and Kashmir ,Shopian,Non Aspirational
 Jammu and Kashmir ,Srinagar,Non Aspirational
 Jammu and Kashmir ,Udhampur,Non Aspirational
 Ladakh ,Kargil,Non Aspirational
 Ladakh ,Leh,Non Aspirational
 Lakshadweep ,Lakshadweep,Non Aspirational
 Puducherry ,Karaikal,Non Aspirational
 Puducherry ,Mahe,Non Aspirational
 Puducherry ,Puducherry,Non Aspirational
 Puducherry ,Yanam,Non Aspirational
